epoch,train_loss,val_loss,val_sentiment_macro_f1,val_topic_macro_f1,val_combined_macro_f1,seconds
1,1.231984914981019,0.9000490778704094,0.85752684261818,0.6715014564224893,0.7645141495203347,344.8
2,0.769382049589312,0.8296260911898286,0.8669871737873356,0.7286761471159349,0.7978316604516352,344.8
3,0.6026097768973862,0.8369536794770777,0.8671308676870645,0.7344917529365405,0.8008113103118024,371.4
