label_id,topic_group,class_weight,train_count
0,career_jobs,7.640514184397163,564
1,events_news,3.953440366972477,1090
2,facilities,8.670523138832998,497
3,others,0.4050046992481203,10640
4,personal_social,2.7482461734693877,1568
5,spam,15.33540925266904,281
6,student_services,2.0403645833333335,2112
7,teaching_learning,0.24315822141970433,17722
