label_id,topic_group,raw_balanced_weight,class_weight,train_count
0,career_jobs,7.640514184397163,2.7641480033451833,564
1,events_news,3.953440366972477,1.9883260212984382,1090
2,facilities,8.670523138832998,2.944575205158292,497
3,others,0.4050046992481203,0.6363997951351967,10640
4,personal_social,2.7482461734693877,1.6577835122444027,1568
5,spam,15.33540925266904,3.9160451035029,281
6,student_services,2.0403645833333335,1.428413309701829,2112
7,teaching_learning,0.24315822141970433,0.49311075978901975,17722
